PARROQUIA,CANTON,PROVINCIA,PRECIPITACION_ANUAL_MM,ALTITUD_MEDIA_M,PENDIENTE_PCT,DISTANCIA_AGUA_KM,DENSIDAD_POBLACIONAL,AREA_URBANIZADA_PCT,RIESGO_INUNDACION,RIESGO_NUM
ESMERALDAS,ESMERALDAS,ESMERALDAS,2243.1,27.0,1.2,0.93,52.5,10.0,Medio,1
ESMERALDAS,ESMERALDAS,ESMERALDAS,2166.3,9.2,2.55,0.82,55.6,7.6,Medio,1
ESMERALDAS,ESMERALDAS,ESMERALDAS,2138.1,22.7,3.26,0.82,45.6,1.8,Bajo,0
ESMERALDAS,ESMERALDAS,ESMERALDAS,2182.2,23.0,3.07,1.05,58.6,4.5,Medio,1
ESMERALDAS,ESMERALDAS,ESMERALDAS,2257.0,18.4,2.99,1.02,63.3,5.7,Medio,1
CAMARONES,ESMERALDAS,ESMERALDAS,1891.0,20.3,3.2,1.6,24.2,5.4,Bajo,0
CAMARONES,ESMERALDAS,ESMERALDAS,1988.4,20.0,3.59,1.56,28.9,2.6,Bajo,0
CAMARONES,ESMERALDAS,ESMERALDAS,2081.5,28.2,3.94,1.8,31.9,2.3,Bajo,0
CAMARONES,ESMERALDAS,ESMERALDAS,2078.7,29.8,3.33,1.69,49.7,5.4,Bajo,0
CAMARONES,ESMERALDAS,ESMERALDAS,2089.5,24.8,4.13,1.49,24.2,3.0,Bajo,0
CORONEL CARLOS CONCHA TORRES,ESMERALDAS,ESMERALDAS,2076.6,18.6,3.82,1.7,30.7,6.2,Bajo,0
CORONEL CARLOS CONCHA TORRES,ESMERALDAS,ESMERALDAS,2024.8,16.4,3.65,1.4,10.9,0.6,Bajo,0
CORONEL CARLOS CONCHA TORRES,ESMERALDAS,ESMERALDAS,2020.7,26.3,3.37,1.64,33.0,6.7,Bajo,0
CORONEL CARLOS CONCHA TORRES,ESMERALDAS,ESMERALDAS,2133.4,21.6,3.34,1.71,30.5,3.3,Bajo,0
CORONEL CARLOS CONCHA TORRES,ESMERALDAS,ESMERALDAS,2040.5,12.9,3.93,1.4,45.6,4.6,Bajo,0
CHINCA,ESMERALDAS,ESMERALDAS,2188.1,19.1,3.05,1.45,22.6,0.0,Bajo,0
CHINCA,ESMERALDAS,ESMERALDAS,2167.3,22.0,4.34,1.82,10.9,0.0,Bajo,0
CHINCA,ESMERALDAS,ESMERALDAS,2073.4,15.4,4.33,1.47,5.0,0.0,Bajo,0
CHINCA,ESMERALDAS,ESMERALDAS,2117.0,23.2,4.01,1.31,49.4,2.8,Bajo,0
CHINCA,ESMERALDAS,ESMERALDAS,2186.7,24.1,4.06,1.42,67.9,1.1,Bajo,0
MAJUA,ESMERALDAS,ESMERALDAS,2246.9,16.7,2.13,0.85,66.3,0.0,Medio,1
MAJUA,ESMERALDAS,ESMERALDAS,2171.9,25.8,2.89,0.82,71.9,14.7,Medio,1
MAJUA,ESMERALDAS,ESMERALDAS,2159.9,18.0,2.81,0.99,77.0,9.9,Medio,1
MAJUA,ESMERALDAS,ESMERALDAS,2104.5,12.2,2.61,0.91,69.5,7.4,Medio,1
MAJUA,ESMERALDAS,ESMERALDAS,2134.9,25.3,2.17,0.62,51.1,2.3,Bajo,0
SAN MATEO,ESMERALDAS,ESMERALDAS,2128.0,17.4,2.99,1.77,10.8,0.0,Bajo,0
SAN MATEO,ESMERALDAS,ESMERALDAS,2142.3,15.5,4.44,2.1,37.6,1.0,Bajo,0
SAN MATEO,ESMERALDAS,ESMERALDAS,2181.1,21.7,4.23,2.0,56.7,2.9,Bajo,0
SAN MATEO,ESMERALDAS,ESMERALDAS,2141.0,20.1,4.17,1.76,33.8,4.3,Medio,1
SAN MATEO,ESMERALDAS,ESMERALDAS,1989.5,23.8,3.27,1.67,45.0,0.0,Medio,1
TABIAZO,ESMERALDAS,ESMERALDAS,2133.6,19.0,3.41,1.59,5.0,3.6,Bajo,0
TABIAZO,ESMERALDAS,ESMERALDAS,2093.9,14.2,4.17,1.78,5.0,1.1,Bajo,0
TABIAZO,ESMERALDAS,ESMERALDAS,2138.9,17.6,4.19,1.44,69.3,4.0,Bajo,0
TABIAZO,ESMERALDAS,ESMERALDAS,2125.2,26.9,2.75,1.42,24.1,3.5,Bajo,0
TABIAZO,ESMERALDAS,ESMERALDAS,2027.4,25.5,3.87,1.67,5.0,7.6,Bajo,0
TACHINA,ESMERALDAS,ESMERALDAS,2098.4,19.2,4.15,1.38,78.2,4.0,Bajo,0
TACHINA,ESMERALDAS,ESMERALDAS,2103.2,15.9,3.45,1.91,63.2,5.1,Bajo,0
TACHINA,ESMERALDAS,ESMERALDAS,2139.8,30.1,4.75,1.42,23.3,0.0,Bajo,0
TACHINA,ESMERALDAS,ESMERALDAS,2134.6,19.0,3.1,1.83,38.3,5.9,Bajo,0
TACHINA,ESMERALDAS,ESMERALDAS,2171.4,22.9,3.52,1.66,12.1,0.1,Bajo,0
VUELTA LARGA,ESMERALDAS,ESMERALDAS,2202.8,27.3,2.78,0.76,38.5,7.6,Medio,1
VUELTA LARGA,ESMERALDAS,ESMERALDAS,2278.1,17.4,2.32,0.85,41.6,5.3,Medio,1
VUELTA LARGA,ESMERALDAS,ESMERALDAS,2171.7,22.1,2.31,0.69,43.5,4.5,Alto,2
VUELTA LARGA,ESMERALDAS,ESMERALDAS,2259.1,19.5,2.78,1.16,44.1,6.9,Medio,1
VUELTA LARGA,ESMERALDAS,ESMERALDAS,2182.4,26.2,2.63,0.83,85.7,5.7,Medio,1
VALDEZ,ELOY ALFARO,ESMERALDAS,2338.7,20.5,2.58,0.93,64.2,9.7,Medio,1
VALDEZ,ELOY ALFARO,ESMERALDAS,2117.5,15.9,2.9,0.82,86.9,4.6,Medio,1
VALDEZ,ELOY ALFARO,ESMERALDAS,2256.9,19.6,2.23,0.81,34.6,5.1,Medio,1
VALDEZ,ELOY ALFARO,ESMERALDAS,2200.6,16.9,2.21,0.88,87.9,10.3,Medio,1
VALDEZ,ELOY ALFARO,ESMERALDAS,2288.0,28.8,3.08,1.03,54.5,1.4,Medio,1
ANCHAYACU,ELOY ALFARO,ESMERALDAS,2126.5,17.5,3.6,1.73,49.8,0.7,Bajo,0
ANCHAYACU,ELOY ALFARO,ESMERALDAS,2082.1,18.2,4.13,1.4,24.1,0.3,Bajo,0
ANCHAYACU,ELOY ALFARO,ESMERALDAS,2134.6,26.1,3.45,1.86,5.0,0.0,Bajo,0
ANCHAYACU,ELOY ALFARO,ESMERALDAS,2064.9,17.8,3.5,1.74,46.2,0.6,Bajo,0
ANCHAYACU,ELOY ALFARO,ESMERALDAS,2088.7,23.2,3.47,1.79,36.3,0.0,Bajo,0
ATAHUALPA,ELOY ALFARO,ESMERALDAS,2269.4,15.2,2.96,0.94,28.0,1.5,Medio,1
ATAHUALPA,ELOY ALFARO,ESMERALDAS,2215.8,18.6,2.44,1.06,74.5,6.8,Medio,1
ATAHUALPA,ELOY ALFARO,ESMERALDAS,2159.1,25.2,2.86,0.88,48.3,3.0,Alto,2
ATAHUALPA,ELOY ALFARO,ESMERALDAS,2155.8,16.6,2.04,0.94,38.3,7.0,Medio,1
ATAHUALPA,ELOY ALFARO,ESMERALDAS,2213.8,19.4,1.93,0.74,42.7,2.1,Medio,1
BORBÓN,ELOY ALFARO,ESMERALDAS,2218.2,23.3,2.98,0.89,50.2,8.7,Alto,2
BORBÓN,ELOY ALFARO,ESMERALDAS,2170.9,12.4,2.24,0.85,56.6,7.8,Medio,1
BORBÓN,ELOY ALFARO,ESMERALDAS,2228.5,16.6,2.12,0.82,70.3,0.6,Medio,1
BORBÓN,ELOY ALFARO,ESMERALDAS,2180.8,24.4,3.26,1.11,43.9,4.0,Medio,1
BORBÓN,ELOY ALFARO,ESMERALDAS,2235.4,25.0,2.8,1.01,74.4,2.6,Medio,1
LA TOLA,ELOY ALFARO,ESMERALDAS,2303.0,21.3,2.26,0.88,60.5,3.9,Alto,2
LA TOLA,ELOY ALFARO,ESMERALDAS,2212.7,17.5,2.03,1.17,53.2,4.7,Medio,1
LA TOLA,ELOY ALFARO,ESMERALDAS,2102.3,18.2,2.78,1.05,32.6,8.2,Medio,1
LA TOLA,ELOY ALFARO,ESMERALDAS,2218.9,17.6,3.28,0.96,79.7,4.1,Medio,1
LA TOLA,ELOY ALFARO,ESMERALDAS,2243.8,26.8,2.21,0.96,68.7,8.9,Medio,1
LUIS VARGAS TORRES,ELOY ALFARO,ESMERALDAS,2211.9,18.6,2.85,1.14,48.1,7.0,Medio,1
LUIS VARGAS TORRES,ELOY ALFARO,ESMERALDAS,2216.3,26.5,2.49,0.88,89.9,0.8,Medio,1
LUIS VARGAS TORRES,ELOY ALFARO,ESMERALDAS,2273.2,16.1,2.84,0.91,63.3,4.5,Medio,1
LUIS VARGAS TORRES,ELOY ALFARO,ESMERALDAS,2286.8,22.5,2.53,1.05,56.5,5.9,Medio,1
LUIS VARGAS TORRES,ELOY ALFARO,ESMERALDAS,2286.9,20.2,1.74,0.89,43.3,6.7,Medio,1
MALDONADO,ELOY ALFARO,ESMERALDAS,2276.0,20.7,1.89,0.68,70.8,16.1,Alto,2
MALDONADO,ELOY ALFARO,ESMERALDAS,2203.1,15.6,1.89,0.14,72.3,6.9,Alto,2
MALDONADO,ELOY ALFARO,ESMERALDAS,2334.4,22.6,1.41,0.28,58.6,6.9,Alto,2
MALDONADO,ELOY ALFARO,ESMERALDAS,2180.9,20.1,1.69,0.39,88.5,6.2,Alto,2
MALDONADO,ELOY ALFARO,ESMERALDAS,2294.0,21.1,0.89,0.43,103.8,10.8,Alto,2
PAMPANAL DE BOLÍVAR,ELOY ALFARO,ESMERALDAS,2191.2,17.6,2.48,0.79,24.0,3.9,Medio,1
PAMPANAL DE BOLÍVAR,ELOY ALFARO,ESMERALDAS,2098.8,14.1,2.44,1.06,63.2,7.6,Medio,1
PAMPANAL DE BOLÍVAR,ELOY ALFARO,ESMERALDAS,2252.3,19.5,3.21,0.91,48.9,1.1,Medio,1
PAMPANAL DE BOLÍVAR,ELOY ALFARO,ESMERALDAS,2284.4,20.9,1.65,0.94,54.8,10.6,Medio,1
PAMPANAL DE BOLÍVAR,ELOY ALFARO,ESMERALDAS,2325.8,18.6,2.53,1.13,32.8,9.7,Medio,1
SAN FRANCISCO DE ONZOLE,ELOY ALFARO,ESMERALDAS,2136.9,16.7,3.43,1.55,51.3,0.0,Bajo,0
SAN FRANCISCO DE ONZOLE,ELOY ALFARO,ESMERALDAS,2061.9,25.8,4.19,1.52,56.9,12.2,Bajo,0
SAN FRANCISCO DE ONZOLE,ELOY ALFARO,ESMERALDAS,2049.9,18.0,4.11,1.69,62.0,7.4,Bajo,0
SAN FRANCISCO DE ONZOLE,ELOY ALFARO,ESMERALDAS,1994.5,12.2,3.91,1.61,54.5,4.9,Bajo,0
SAN FRANCISCO DE ONZOLE,ELOY ALFARO,ESMERALDAS,2024.9,25.3,3.47,1.32,36.1,0.0,Bajo,0
SANTO DOMINGO DE ONZOLE,ELOY ALFARO,ESMERALDAS,2136.9,16.7,3.43,1.55,51.3,0.0,Bajo,0
SANTO DOMINGO DE ONZOLE,ELOY ALFARO,ESMERALDAS,2061.9,25.8,4.19,1.52,56.9,12.2,Bajo,0
SANTO DOMINGO DE ONZOLE,ELOY ALFARO,ESMERALDAS,2049.9,18.0,4.11,1.69,62.0,7.4,Bajo,0
SANTO DOMINGO DE ONZOLE,ELOY ALFARO,ESMERALDAS,1994.5,12.2,3.91,1.61,54.5,4.9,Bajo,0
SANTO DOMINGO DE ONZOLE,ELOY ALFARO,ESMERALDAS,2024.9,25.3,3.47,1.32,36.1,0.0,Bajo,0
SELVA ALEGRE,ELOY ALFARO,ESMERALDAS,2074.0,21.1,3.19,1.63,63.8,4.3,Bajo,0
SELVA ALEGRE,ELOY ALFARO,ESMERALDAS,2097.5,26.6,4.81,1.7,35.2,4.2,Bajo,0
SELVA ALEGRE,ELOY ALFARO,ESMERALDAS,2062.3,23.1,3.47,1.51,15.3,1.5,Bajo,0
SELVA ALEGRE,ELOY ALFARO,ESMERALDAS,2279.4,18.2,4.3,1.7,30.8,6.8,Bajo,0
SELVA ALEGRE,ELOY ALFARO,ESMERALDAS,2050.1,25.5,3.46,1.78,25.9,4.1,Bajo,0
TELEMBÍ,ELOY ALFARO,ESMERALDAS,2147.6,19.4,4.36,1.67,41.3,1.7,Bajo,0
TELEMBÍ,ELOY ALFARO,ESMERALDAS,2163.3,21.2,4.14,1.72,34.7,0.0,Bajo,0
TELEMBÍ,ELOY ALFARO,ESMERALDAS,2048.7,17.1,3.3,2.04,5.7,1.4,Medio,1
TELEMBÍ,ELOY ALFARO,ESMERALDAS,2123.4,16.4,3.63,1.7,16.0,4.9,Bajo,0
TELEMBÍ,ELOY ALFARO,ESMERALDAS,1997.6,18.4,3.43,1.82,35.6,0.0,Bajo,0
COLÓN ELOY DEL MARÍA,ELOY ALFARO,ESMERALDAS,2108.9,18.1,3.74,1.38,61.0,5.5,Bajo,0
COLÓN ELOY DEL MARÍA,ELOY ALFARO,ESMERALDAS,2226.5,19.0,3.66,1.41,77.9,1.5,Bajo,0
COLÓN ELOY DEL MARÍA,ELOY ALFARO,ESMERALDAS,2121.5,21.8,5.53,1.48,47.3,2.7,Bajo,0
COLÓN ELOY DEL MARÍA,ELOY ALFARO,ESMERALDAS,2146.1,22.5,4.36,1.72,5.5,5.1,Bajo,0
COLÓN ELOY DEL MARÍA,ELOY ALFARO,ESMERALDAS,2055.6,17.8,3.86,1.42,5.0,1.6,Medio,1
SAN JOSÉ DE CAYAPAS,ELOY ALFARO,ESMERALDAS,2070.8,24.4,4.56,1.81,28.9,1.5,Bajo,0
SAN JOSÉ DE CAYAPAS,ELOY ALFARO,ESMERALDAS,2125.4,25.0,4.1,1.71,59.4,0.1,Bajo,0
SAN JOSÉ DE CAYAPAS,ELOY ALFARO,ESMERALDAS,2111.1,22.1,3.6,1.45,34.7,0.0,Bajo,0
SAN JOSÉ DE CAYAPAS,ELOY ALFARO,ESMERALDAS,2093.0,19.2,4.8,1.56,27.7,12.1,Medio,1
SAN JOSÉ DE CAYAPAS,ELOY ALFARO,ESMERALDAS,2067.5,21.3,3.44,1.84,68.8,2.2,Bajo,0
TIMBIRÉ,ELOY ALFARO,ESMERALDAS,2109.4,15.0,2.94,1.79,44.8,0.0,Bajo,0
TIMBIRÉ,ELOY ALFARO,ESMERALDAS,2021.0,26.3,3.88,1.49,67.5,2.2,Bajo,0
TIMBIRÉ,ELOY ALFARO,ESMERALDAS,2106.8,11.6,3.82,1.72,11.7,8.0,Bajo,0
TIMBIRÉ,ELOY ALFARO,ESMERALDAS,2040.7,19.8,3.24,1.6,15.8,3.1,Bajo,0
TIMBIRÉ,ELOY ALFARO,ESMERALDAS,2116.2,20.8,3.86,1.5,5.0,4.3,Bajo,0
SANTA LUCÍA DE LAS PEÑAS,ELOY ALFARO,ESMERALDAS,2116.6,22.9,3.7,1.1,49.5,2.6,Medio,1
SANTA LUCÍA DE LAS PEÑAS,ELOY ALFARO,ESMERALDAS,2212.7,14.9,2.6,0.95,28.1,7.0,Alto,2
SANTA LUCÍA DE LAS PEÑAS,ELOY ALFARO,ESMERALDAS,2268.9,16.8,2.42,0.96,34.2,8.6,Medio,1
SANTA LUCÍA DE LAS PEÑAS,ELOY ALFARO,ESMERALDAS,2202.3,23.7,2.83,1.15,74.4,0.0,Medio,1
SANTA LUCÍA DE LAS PEÑAS,ELOY ALFARO,ESMERALDAS,2159.8,25.7,2.44,1.02,19.9,0.0,Medio,1
MUISNE,MUISNE,ESMERALDAS,2405.6,11.8,2.18,1.17,50.0,3.3,Medio,1
MUISNE,MUISNE,ESMERALDAS,2443.4,16.9,2.93,0.82,51.1,0.9,Medio,1
MUISNE,MUISNE,ESMERALDAS,2329.0,3.4,2.88,1.09,34.7,6.3,Medio,1
MUISNE,MUISNE,ESMERALDAS,2318.4,8.1,3.18,0.77,21.7,9.0,Medio,1
MUISNE,MUISNE,ESMERALDAS,2399.4,4.2,2.17,1.0,54.8,2.5,Medio,1
BOLÍVAR,MUISNE,ESMERALDAS,2367.4,5.3,2.0,1.17,36.7,9.0,Medio,1
BOLÍVAR,MUISNE,ESMERALDAS,2409.2,1.1,2.68,1.2,42.1,10.3,Medio,1
BOLÍVAR,MUISNE,ESMERALDAS,2218.2,1.4,2.37,1.16,58.9,1.4,Medio,1
BOLÍVAR,MUISNE,ESMERALDAS,2360.4,14.5,2.52,0.77,27.1,3.1,Medio,1
BOLÍVAR,MUISNE,ESMERALDAS,2294.9,10.4,2.62,1.03,84.9,6.4,Medio,1
DAULE,MUISNE,ESMERALDAS,2352.7,6.0,1.86,0.82,60.2,4.1,Medio,1
DAULE,MUISNE,ESMERALDAS,2313.1,7.1,3.05,0.74,39.5,1.3,Medio,1
DAULE,MUISNE,ESMERALDAS,2378.6,9.8,2.26,0.64,64.8,7.1,Bajo,0
DAULE,MUISNE,ESMERALDAS,2349.2,5.3,1.88,0.98,44.7,5.7,Medio,1
DAULE,MUISNE,ESMERALDAS,2260.9,7.8,1.95,1.17,36.9,3.2,Medio,1
GALERA,MUISNE,ESMERALDAS,2451.6,8.9,1.74,0.46,80.3,4.8,Alto,2
GALERA,MUISNE,ESMERALDAS,2394.7,6.8,1.12,0.58,98.2,5.0,Alto,2
GALERA,MUISNE,ESMERALDAS,2457.4,4.5,1.63,0.27,78.2,12.1,Alto,2
GALERA,MUISNE,ESMERALDAS,2419.2,9.3,1.49,0.5,69.0,10.2,Alto,2
GALERA,MUISNE,ESMERALDAS,2397.0,6.5,0.76,0.13,77.6,13.8,Alto,2
QUINGUE,MUISNE,ESMERALDAS,2525.7,1.0,0.82,0.49,81.7,8.8,Medio,1
QUINGUE,MUISNE,ESMERALDAS,2471.8,10.2,1.44,0.51,91.2,4.9,Alto,2
QUINGUE,MUISNE,ESMERALDAS,2465.3,3.2,1.24,0.31,74.0,8.9,Alto,2
QUINGUE,MUISNE,ESMERALDAS,2486.1,1.0,1.2,0.2,92.8,9.6,Alto,2
QUINGUE,MUISNE,ESMERALDAS,2469.9,11.1,2.22,0.18,71.7,7.8,Alto,2
SÁLIMA,MUISNE,ESMERALDAS,2368.9,6.1,2.44,0.68,76.0,8.0,Medio,1
SÁLIMA,MUISNE,ESMERALDAS,2486.5,7.0,2.36,0.71,92.9,4.0,Medio,1
SÁLIMA,MUISNE,ESMERALDAS,2381.5,9.8,4.23,0.78,62.3,5.2,Medio,1
SÁLIMA,MUISNE,ESMERALDAS,2406.1,10.5,3.06,1.02,20.5,7.6,Medio,1
SÁLIMA,MUISNE,ESMERALDAS,2315.6,5.8,2.56,0.72,15.6,4.1,Medio,1
SAN FRANCISCO,MUISNE,ESMERALDAS,2373.9,7.9,1.19,0.18,103.2,7.6,Alto,2
SAN FRANCISCO,MUISNE,ESMERALDAS,2412.2,5.7,2.08,0.21,35.3,12.9,Alto,2
SAN FRANCISCO,MUISNE,ESMERALDAS,2518.6,8.7,1.07,0.33,70.9,12.3,Alto,2
SAN FRANCISCO,MUISNE,ESMERALDAS,2581.5,8.8,1.95,0.22,80.5,10.8,Alto,2
SAN FRANCISCO,MUISNE,ESMERALDAS,2454.0,7.1,1.2,0.28,98.8,4.9,Alto,2
SAN GREGORIO,MUISNE,ESMERALDAS,2384.3,10.0,2.86,0.93,40.1,9.8,Medio,1
SAN GREGORIO,MUISNE,ESMERALDAS,2244.9,6.3,2.46,1.25,66.7,0.0,Medio,1
SAN GREGORIO,MUISNE,ESMERALDAS,2334.9,4.2,2.2,1.01,77.4,2.8,Medio,1
SAN GREGORIO,MUISNE,ESMERALDAS,2408.3,5.5,3.47,0.81,36.9,7.5,Medio,1
SAN GREGORIO,MUISNE,ESMERALDAS,2328.3,10.4,2.13,1.07,42.7,9.1,Medio,1
SAN JOSÉ DE CHAMANGA,MUISNE,ESMERALDAS,2241.4,4.9,2.25,1.11,54.7,12.0,Medio,1
SAN JOSÉ DE CHAMANGA,MUISNE,ESMERALDAS,2426.7,7.9,2.5,0.95,19.1,3.1,Medio,1
SAN JOSÉ DE CHAMANGA,MUISNE,ESMERALDAS,2286.6,5.4,2.49,0.92,39.2,5.0,Medio,1
SAN JOSÉ DE CHAMANGA,MUISNE,ESMERALDAS,2362.0,8.7,1.79,0.58,56.7,5.3,Medio,1
SAN JOSÉ DE CHAMANGA,MUISNE,ESMERALDAS,2326.4,9.8,3.38,0.65,94.0,2.3,Medio,1
ROSA ZÁRATE,QUININDÉ,ESMERALDAS,2141.0,15.5,4.37,1.7,25.7,5.7,Bajo,0
ROSA ZÁRATE,QUININDÉ,ESMERALDAS,2187.8,24.4,4.83,1.67,68.0,3.3,Bajo,0
ROSA ZÁRATE,QUININDÉ,ESMERALDAS,2015.0,19.0,3.99,1.54,13.3,9.5,Bajo,0
ROSA ZÁRATE,QUININDÉ,ESMERALDAS,2081.0,23.7,3.9,1.45,30.5,6.1,Bajo,0
ROSA ZÁRATE,QUININDÉ,ESMERALDAS,2024.9,24.0,3.94,1.37,23.4,7.5,Bajo,0
CUBE,QUININDÉ,ESMERALDAS,2214.5,12.2,1.61,0.41,94.5,11.4,Alto,2
CUBE,QUININDÉ,ESMERALDAS,2244.9,25.3,1.17,0.12,76.1,6.3,Alto,2
CUBE,QUININDÉ,ESMERALDAS,2300.3,20.1,2.65,0.38,106.6,7.3,Alto,2
CUBE,QUININDÉ,ESMERALDAS,2303.6,16.4,1.81,0.6,77.3,13.1,Alto,2
CUBE,QUININDÉ,ESMERALDAS,2284.1,27.3,1.16,0.4,114.6,14.3,Alto,2
CHURA,QUININDÉ,ESMERALDAS,2259.6,23.8,1.8,0.47,82.4,5.8,Alto,2
CHURA,QUININDÉ,ESMERALDAS,2281.1,14.7,1.19,0.43,53.7,11.2,Alto,2
CHURA,QUININDÉ,ESMERALDAS,2442.0,15.4,0.76,0.45,69.2,6.0,Alto,2
CHURA,QUININDÉ,ESMERALDAS,2236.9,18.9,1.48,0.05,71.3,5.3,Alto,2
CHURA,QUININDÉ,ESMERALDAS,2295.9,10.5,1.24,0.25,73.4,7.3,Alto,2
MALIMPIA,QUININDÉ,ESMERALDAS,2234.6,21.2,2.82,0.88,76.4,0.0,Medio,1
MALIMPIA,QUININDÉ,ESMERALDAS,2131.9,18.9,1.91,0.86,20.4,3.2,Medio,1
MALIMPIA,QUININDÉ,ESMERALDAS,2309.0,17.6,2.47,0.8,22.4,7.2,Medio,1
MALIMPIA,QUININDÉ,ESMERALDAS,2153.5,13.4,2.66,0.78,38.2,2.9,Medio,1
MALIMPIA,QUININDÉ,ESMERALDAS,2268.2,20.7,2.44,0.9,15.6,3.2,Medio,1
VICHE,QUININDÉ,ESMERALDAS,2050.3,25.6,3.51,1.62,36.6,0.0,Bajo,0
VICHE,QUININDÉ,ESMERALDAS,2080.6,19.4,3.55,1.54,20.8,0.0,Bajo,0
VICHE,QUININDÉ,ESMERALDAS,2233.8,19.8,3.27,1.47,48.8,1.6,Bajo,0
VICHE,QUININDÉ,ESMERALDAS,2125.1,12.6,3.41,1.51,61.8,2.3,Bajo,0
VICHE,QUININDÉ,ESMERALDAS,2142.3,17.8,4.03,1.8,67.1,4.9,Bajo,0
LA UNIÓN,QUININDÉ,ESMERALDAS,2230.1,23.3,2.84,1.06,29.4,8.7,Medio,1
LA UNIÓN,QUININDÉ,ESMERALDAS,2259.9,18.3,1.74,0.78,39.1,5.7,Medio,1
LA UNIÓN,QUININDÉ,ESMERALDAS,2187.7,26.4,3.42,1.16,33.4,8.7,Medio,1
LA UNIÓN,QUININDÉ,ESMERALDAS,2222.2,19.0,2.53,1.0,22.5,3.2,Medio,1
LA UNIÓN,QUININDÉ,ESMERALDAS,2119.8,17.7,2.75,0.71,83.1,7.8,Medio,1
SAN LORENZO,SAN LORENZO,ESMERALDAS,2217.6,21.3,1.6,0.18,106.0,12.7,Medio,1
SAN LORENZO,SAN LORENZO,ESMERALDAS,2409.7,15.7,2.11,0.36,91.6,12.6,Alto,2
SAN LORENZO,SAN LORENZO,ESMERALDAS,2240.5,15.5,1.19,0.23,117.9,6.3,Alto,2
SAN LORENZO,SAN LORENZO,ESMERALDAS,2369.6,16.0,0.7,0.38,91.5,15.3,Alto,2
SAN LORENZO,SAN LORENZO,ESMERALDAS,2277.3,26.2,1.94,0.33,43.7,9.4,Alto,2
ALTO TAMBO,SAN LORENZO,ESMERALDAS,2045.0,25.3,4.42,1.36,5.6,0.0,Bajo,0
ALTO TAMBO,SAN LORENZO,ESMERALDAS,1978.9,15.7,3.84,1.4,47.5,4.7,Bajo,0
ALTO TAMBO,SAN LORENZO,ESMERALDAS,2156.0,12.1,3.22,1.93,5.0,1.2,Bajo,0
ALTO TAMBO,SAN LORENZO,ESMERALDAS,2126.5,17.5,3.6,1.73,49.8,0.7,Bajo,0
ALTO TAMBO,SAN LORENZO,ESMERALDAS,2082.1,18.2,4.13,1.4,24.1,0.3,Bajo,0
ANCÓN,SAN LORENZO,ESMERALDAS,2314.1,12.0,0.97,0.1,67.4,13.8,Alto,2
ANCÓN,SAN LORENZO,ESMERALDAS,2340.6,17.5,1.46,0.22,67.7,10.7,Alto,2
ANCÓN,SAN LORENZO,ESMERALDAS,2263.6,17.7,1.3,0.52,53.6,8.4,Alto,2
ANCÓN,SAN LORENZO,ESMERALDAS,2309.6,20.6,2.49,0.25,87.7,8.9,Alto,2
ANCÓN,SAN LORENZO,ESMERALDAS,2306.3,20.3,1.43,0.5,53.3,3.7,Alto,2
CALDERÓN,SAN LORENZO,ESMERALDAS,2317.9,17.4,0.89,0.37,85.5,11.2,Alto,2
CALDERÓN,SAN LORENZO,ESMERALDAS,2303.2,15.7,2.39,0.18,68.5,5.2,Alto,2
CALDERÓN,SAN LORENZO,ESMERALDAS,2356.7,17.4,1.79,0.13,77.5,15.7,Alto,2
CALDERÓN,SAN LORENZO,ESMERALDAS,2249.1,17.7,0.72,0.22,60.4,4.0,Alto,2
CALDERÓN,SAN LORENZO,ESMERALDAS,2408.1,12.0,1.97,0.16,43.7,12.0,Alto,2
CARONDELET,SAN LORENZO,ESMERALDAS,2093.2,11.6,3.14,1.7,22.3,7.7,Bajo,0
CARONDELET,SAN LORENZO,ESMERALDAS,1981.4,16.9,3.55,1.81,39.7,9.5,Bajo,0
CARONDELET,SAN LORENZO,ESMERALDAS,2166.7,19.9,3.8,1.65,5.0,0.6,Medio,1
CARONDELET,SAN LORENZO,ESMERALDAS,2026.6,17.4,3.79,1.62,24.2,2.5,Bajo,0
CARONDELET,SAN LORENZO,ESMERALDAS,2102.0,20.7,3.09,1.28,41.7,2.8,Bajo,0
5 DE JUNIO,SAN LORENZO,ESMERALDAS,2114.1,17.3,4.02,1.31,5.0,7.3,Bajo,0
5 DE JUNIO,SAN LORENZO,ESMERALDAS,2079.4,20.8,4.21,1.6,22.0,2.2,Bajo,0
5 DE JUNIO,SAN LORENZO,ESMERALDAS,2124.3,26.1,3.37,1.45,22.7,0.0,Bajo,0
5 DE JUNIO,SAN LORENZO,ESMERALDAS,2148.7,16.4,3.56,1.88,61.9,5.1,Bajo,0
5 DE JUNIO,SAN LORENZO,ESMERALDAS,2111.9,20.9,4.03,1.71,32.7,7.1,Medio,1
CONCEPCIÓN,SAN LORENZO,ESMERALDAS,2281.9,16.7,1.47,0.29,93.1,11.3,Alto,2
CONCEPCIÓN,SAN LORENZO,ESMERALDAS,2406.6,23.7,1.46,0.61,64.4,9.4,Alto,2
CONCEPCIÓN,SAN LORENZO,ESMERALDAS,2350.3,16.0,2.53,0.55,94.2,5.2,Alto,2
CONCEPCIÓN,SAN LORENZO,ESMERALDAS,2295.8,21.3,1.25,0.27,92.2,5.4,Alto,2
CONCEPCIÓN,SAN LORENZO,ESMERALDAS,2207.7,19.9,1.32,0.32,91.5,13.1,Alto,2
MATAJE,SAN LORENZO,ESMERALDAS,2021.9,18.9,3.21,1.56,5.4,0.7,Bajo,0
MATAJE,SAN LORENZO,ESMERALDAS,2199.0,17.6,3.77,1.5,7.4,4.7,Bajo,0
MATAJE,SAN LORENZO,ESMERALDAS,2043.5,13.4,3.96,1.48,23.2,0.4,Bajo,0
MATAJE,SAN LORENZO,ESMERALDAS,2158.2,20.7,3.74,1.6,5.0,0.7,Bajo,0
MATAJE,SAN LORENZO,ESMERALDAS,2039.8,18.7,3.53,1.45,48.8,0.0,Bajo,0
SAN JAVIER DE CACHAVÍ,SAN LORENZO,ESMERALDAS,2066.5,20.5,4.55,1.64,45.1,6.1,Bajo,0
SAN JAVIER DE CACHAVÍ,SAN LORENZO,ESMERALDAS,2073.4,17.4,3.46,1.59,43.1,4.8,Bajo,0
SAN JAVIER DE CACHAVÍ,SAN LORENZO,ESMERALDAS,2058.2,16.8,3.95,1.68,36.2,0.5,Bajo,0
SAN JAVIER DE CACHAVÍ,SAN LORENZO,ESMERALDAS,2118.6,26.1,4.25,1.39,31.5,0.0,Bajo,0
SAN JAVIER DE CACHAVÍ,SAN LORENZO,ESMERALDAS,2054.8,20.3,4.52,1.38,13.4,1.7,Bajo,0
SANTA RITA,SAN LORENZO,ESMERALDAS,2069.0,23.4,4.37,1.87,39.8,1.8,Bajo,0
SANTA RITA,SAN LORENZO,ESMERALDAS,2140.6,25.0,3.5,1.82,40.7,3.4,Bajo,0
SANTA RITA,SAN LORENZO,ESMERALDAS,2094.0,23.1,3.82,1.6,5.0,7.9,Bajo,0
SANTA RITA,SAN LORENZO,ESMERALDAS,2152.6,22.3,3.85,1.71,65.1,4.9,Bajo,0
SANTA RITA,SAN LORENZO,ESMERALDAS,2083.1,23.0,2.85,1.51,39.0,3.6,Bajo,0
TAMBILLO,SAN LORENZO,ESMERALDAS,2259.2,13.1,2.68,1.2,42.1,10.3,Medio,1
TAMBILLO,SAN LORENZO,ESMERALDAS,2068.2,13.4,2.37,1.16,58.9,1.4,Medio,1
TAMBILLO,SAN LORENZO,ESMERALDAS,2210.4,26.5,2.52,0.77,27.1,3.1,Medio,1
TAMBILLO,SAN LORENZO,ESMERALDAS,2144.9,22.4,2.62,1.03,84.9,6.4,Medio,1
TAMBILLO,SAN LORENZO,ESMERALDAS,2217.2,19.4,2.58,0.91,59.7,6.5,Medio,1
TULULBÍ,SAN LORENZO,ESMERALDAS,2103.0,18.4,4.49,1.61,5.0,4.4,Bajo,0
TULULBÍ,SAN LORENZO,ESMERALDAS,2080.7,17.6,4.47,1.55,28.0,0.0,Bajo,0
TULULBÍ,SAN LORENZO,ESMERALDAS,2015.6,19.3,3.67,1.55,70.7,1.4,Bajo,0
TULULBÍ,SAN LORENZO,ESMERALDAS,1910.3,23.2,3.91,1.69,13.5,0.0,Bajo,0
TULULBÍ,SAN LORENZO,ESMERALDAS,2093.5,28.0,4.68,1.67,17.9,0.0,Bajo,0
URBINA,SAN LORENZO,ESMERALDAS,2020.3,23.2,2.61,0.99,28.5,0.0,Medio,1
URBINA,SAN LORENZO,ESMERALDAS,2203.5,28.0,3.38,0.97,32.9,1.2,Medio,1
URBINA,SAN LORENZO,ESMERALDAS,2143.6,17.8,3.35,0.82,59.5,4.5,Medio,1
URBINA,SAN LORENZO,ESMERALDAS,2139.4,19.7,2.67,0.68,79.6,8.1,Medio,1
URBINA,SAN LORENZO,ESMERALDAS,2199.2,15.3,2.39,1.07,60.2,4.6,Medio,1
ATACAMES,ATACAMES,ESMERALDAS,2184.0,14.8,1.25,0.44,87.1,6.4,Alto,2
ATACAMES,ATACAMES,ESMERALDAS,2223.0,12.3,1.23,0.4,79.1,11.1,Alto,2
ATACAMES,ATACAMES,ESMERALDAS,2208.2,11.4,0.72,0.38,72.4,10.1,Medio,1
ATACAMES,ATACAMES,ESMERALDAS,2149.8,12.0,1.38,0.2,77.7,10.1,Alto,2
ATACAMES,ATACAMES,ESMERALDAS,2057.5,11.7,1.53,0.66,31.8,8.8,Alto,2
LA UNIÓN,ATACAMES,ESMERALDAS,2080.1,15.3,2.84,1.06,29.4,8.7,Medio,1
LA UNIÓN,ATACAMES,ESMERALDAS,2109.9,10.3,1.74,0.78,39.1,5.7,Bajo,0
LA UNIÓN,ATACAMES,ESMERALDAS,2037.7,18.4,3.42,1.16,33.4,8.7,Medio,1
LA UNIÓN,ATACAMES,ESMERALDAS,2072.2,11.0,2.53,1.0,22.5,3.2,Medio,1
LA UNIÓN,ATACAMES,ESMERALDAS,1969.8,9.7,2.75,0.71,83.1,7.8,Medio,1
SÚA,ATACAMES,ESMERALDAS,1927.4,15.0,3.26,1.47,40.6,5.7,Bajo,0
SÚA,ATACAMES,ESMERALDAS,1855.1,13.3,3.9,1.38,66.0,6.2,Bajo,0
SÚA,ATACAMES,ESMERALDAS,2047.2,7.7,4.41,1.56,51.6,6.1,Bajo,0
SÚA,ATACAMES,ESMERALDAS,1878.0,7.5,3.49,1.43,77.9,0.0,Bajo,0
SÚA,ATACAMES,ESMERALDAS,2007.1,8.0,3.0,1.58,51.5,8.8,Bajo,0
TONCHIGÜE,ATACAMES,ESMERALDAS,2014.0,10.7,4.94,1.32,5.0,5.8,Bajo,0
TONCHIGÜE,ATACAMES,ESMERALDAS,1920.6,15.8,4.03,1.77,61.4,0.0,Bajo,0
TONCHIGÜE,ATACAMES,ESMERALDAS,1913.2,8.8,3.93,1.68,56.6,1.8,Bajo,0
TONCHIGÜE,ATACAMES,ESMERALDAS,1963.1,10.2,3.23,1.72,31.8,7.0,Bajo,0
TONCHIGÜE,ATACAMES,ESMERALDAS,1901.8,10.4,4.4,1.5,48.8,10.0,Bajo,0
TONSUPA,ATACAMES,ESMERALDAS,2066.6,11.4,2.4,0.6,49.9,2.8,Medio,1
TONSUPA,ATACAMES,ESMERALDAS,1923.5,12.9,2.45,0.74,58.6,2.3,Medio,1
TONSUPA,ATACAMES,ESMERALDAS,2070.4,14.6,1.88,0.51,12.4,4.8,Medio,1
TONSUPA,ATACAMES,ESMERALDAS,2011.0,16.2,1.81,0.67,55.5,5.6,Medio,1
TONSUPA,ATACAMES,ESMERALDAS,2022.7,11.0,2.83,0.88,65.2,4.9,Medio,1
RIOVERDE,RIOVERDE,ESMERALDAS,2042.8,21.0,3.41,1.08,60.6,4.3,Medio,1
RIOVERDE,RIOVERDE,ESMERALDAS,1992.6,11.5,1.91,0.92,67.9,0.3,Medio,1
RIOVERDE,RIOVERDE,ESMERALDAS,2153.1,11.6,3.02,0.94,75.5,2.2,Medio,1
RIOVERDE,RIOVERDE,ESMERALDAS,2136.1,15.1,1.52,1.12,69.0,8.8,Medio,1
RIOVERDE,RIOVERDE,ESMERALDAS,2101.8,14.0,1.71,0.7,55.4,6.5,Medio,1
CHONTADURO,RIOVERDE,ESMERALDAS,1936.4,19.4,5.32,1.38,98.4,0.0,Bajo,0
CHONTADURO,RIOVERDE,ESMERALDAS,1967.6,15.1,4.12,1.57,32.4,6.2,Bajo,0
CHONTADURO,RIOVERDE,ESMERALDAS,2028.2,9.2,3.44,1.48,57.3,5.8,Bajo,0
CHONTADURO,RIOVERDE,ESMERALDAS,1966.7,13.0,4.53,1.63,40.8,1.4,Bajo,0
CHONTADURO,RIOVERDE,ESMERALDAS,2087.0,6.3,4.04,2.06,22.5,2.6,Bajo,0
CHUMUNDÉ,RIOVERDE,ESMERALDAS,2052.0,12.4,4.29,1.72,48.3,3.2,Bajo,0
CHUMUNDÉ,RIOVERDE,ESMERALDAS,2047.4,13.8,4.2,1.85,11.7,9.7,Bajo,0
CHUMUNDÉ,RIOVERDE,ESMERALDAS,2001.3,11.8,3.76,1.55,24.3,2.1,Bajo,0
CHUMUNDÉ,RIOVERDE,ESMERALDAS,1968.8,7.9,4.05,1.64,55.8,2.5,Bajo,0
CHUMUNDÉ,RIOVERDE,ESMERALDAS,1995.5,16.5,3.85,1.45,57.5,4.7,Bajo,0
LAGARTO,RIOVERDE,ESMERALDAS,1892.7,13.9,3.62,1.52,51.5,6.6,Bajo,0
LAGARTO,RIOVERDE,ESMERALDAS,1927.5,10.6,3.67,1.67,27.6,2.8,Bajo,0
LAGARTO,RIOVERDE,ESMERALDAS,1981.7,17.6,3.72,1.6,14.8,4.1,Bajo,0
LAGARTO,RIOVERDE,ESMERALDAS,2005.6,16.2,3.34,1.49,49.7,7.5,Bajo,0
LAGARTO,RIOVERDE,ESMERALDAS,2082.8,14.0,3.09,1.46,59.7,0.0,Bajo,0
MONTALVO,RIOVERDE,ESMERALDAS,2040.7,5.3,4.01,1.71,27.5,3.3,Bajo,0
MONTALVO,RIOVERDE,ESMERALDAS,1962.2,15.0,2.64,1.73,30.3,1.5,Bajo,0
MONTALVO,RIOVERDE,ESMERALDAS,1875.5,20.8,3.24,1.53,5.0,3.5,Bajo,0
MONTALVO,RIOVERDE,ESMERALDAS,2082.4,13.6,3.94,1.87,8.8,0.0,Bajo,0
MONTALVO,RIOVERDE,ESMERALDAS,2003.0,15.7,4.45,1.52,14.6,3.5,Bajo,0
ROCAFUERTE,RIOVERDE,ESMERALDAS,2014.3,13.4,4.16,1.37,63.5,3.1,Medio,1
ROCAFUERTE,RIOVERDE,ESMERALDAS,2084.7,9.7,3.67,1.75,42.8,3.5,Bajo,0
ROCAFUERTE,RIOVERDE,ESMERALDAS,2011.8,13.2,3.5,1.48,32.9,0.0,Bajo,0
ROCAFUERTE,RIOVERDE,ESMERALDAS,2046.6,11.8,4.25,1.55,8.0,0.0,Bajo,0
ROCAFUERTE,RIOVERDE,ESMERALDAS,1910.0,9.3,4.09,1.71,27.9,0.1,Bajo,0
